従業員番号,氏名,所属,誕生日
QA22,鈴木大介,開発部,19930212
FN01,小林健一,営業部,19861012
AU63,高橋三郎,人事部,19710320
WP87,小林一郎,総務部,19700302
QW57,佐藤三郎,人事部,19700318
DS51,渡辺次郎,人事部,19681121
VT93,鈴木洋子,開発部,19860608
ZZ98,高橋明美,人事部,19780824
DU54,高橋三郎,経理部,19930906
GC36,中村花子,営業部,19850125
YV97,伊藤三郎,人事部,19721015
OX88,鈴木洋子,経理部,19931221
WF25,加藤一郎,営業部,19970923
QC99,高橋裕子,総務部,19871112
YF47,中村健一,総務部,19701103
OQ06,渡辺次郎,総務部,19951111
IO26,鈴木裕子,人事部,19780312
YJ34,佐藤裕子,人事部,19860225
PT80,渡辺明美,人事部,19730509
OL33,伊藤大介,開発部,19920803
FP18,渡辺太郎,営業部,19980314
SI62,高橋花子,開発部,19820516
VE54,鈴木健一,経理部,19970617
VJ58,田中太郎,営業部,19900903
TI82,佐藤大介,総務部,19840212
SR41,高橋洋子,総務部,19830505
ZN39,山本洋子,総務部,19820610
MS33,佐藤花子,営業部,19890918
XU74,小林裕子,経理部,19710502
HI02,小林花子,営業部,20010915
