従業員番号, 2023後期健診ID, 2024前期健診ID, 2024後期健診ID, 2025前期健診ID, 2025後期健診ID, 2026前期健診ID
QA22,KENSIN-23-2-93810,KENSIN-24-1-93810,KENSIN-24-2-93810,KENSIN-25-1-93810,KENSIN-25-2-93810,KENSIN-26-1-93810
FN01,KENSIN-23-2-46048,KENSIN-24-1-46048,KENSIN-24-2-46048,KENSIN-25-1-46048,KENSIN-25-2-46048,KENSIN-26-1-46048
AU63,KENSIN-23-2-28289,KENSIN-24-1-28289,KENSIN-24-2-28289,KENSIN-25-1-28289,KENSIN-25-2-28289,KENSIN-26-1-28289
WP87,KENSIN-23-2-81482,KENSIN-24-1-81482,KENSIN-24-2-81482,KENSIN-25-1-81482,KENSIN-25-2-81482,KENSIN-26-1-81482
QW57,KENSIN-23-2-65302,KENSIN-24-1-65302,KENSIN-24-2-65302,KENSIN-25-1-65302,KENSIN-25-2-65302,KENSIN-26-1-65302
DS51,KENSIN-23-2-22280,KENSIN-24-1-22280,KENSIN-24-2-22280,KENSIN-25-1-22280,KENSIN-25-2-22280,KENSIN-26-1-22280
VT93,KENSIN-23-2-76237,KENSIN-24-1-76237,KENSIN-24-2-76237,KENSIN-25-1-76237,KENSIN-25-2-76237,KENSIN-26-1-76237
ZZ98,KENSIN-23-2-83563,KENSIN-24-1-83563,KENSIN-24-2-83563,KENSIN-25-1-83563,KENSIN-25-2-83563,KENSIN-26-1-83563
DU54,KENSIN-23-2-81426,KENSIN-24-1-81426,KENSIN-24-2-81426,KENSIN-25-1-81426,KENSIN-25-2-81426,KENSIN-26-1-81426
GC36,KENSIN-23-2-68878,KENSIN-24-1-68878,KENSIN-24-2-68878,KENSIN-25-1-68878,KENSIN-25-2-68878,KENSIN-26-1-68878
YV97,KENSIN-23-2-10851,KENSIN-24-1-10851,KENSIN-24-2-10851,KENSIN-25-1-10851,KENSIN-25-2-10851,KENSIN-26-1-10851
OX88,KENSIN-23-2-54597,KENSIN-24-1-54597,KENSIN-24-2-54597,KENSIN-25-1-54597,KENSIN-25-2-54597,KENSIN-26-1-54597
WF25,KENSIN-23-2-38221,KENSIN-24-1-38221,KENSIN-24-2-38221,KENSIN-25-1-38221,KENSIN-25-2-38221,KENSIN-26-1-38221
QC99,KENSIN-23-2-22156,KENSIN-24-1-22156,KENSIN-24-2-22156,KENSIN-25-1-22156,KENSIN-25-2-22156,KENSIN-26-1-22156
YF47,KENSIN-23-2-57052,KENSIN-24-1-57052,KENSIN-24-2-57052,KENSIN-25-1-57052,KENSIN-25-2-57052,KENSIN-26-1-57052
OQ06,KENSIN-23-2-44671,KENSIN-24-1-44671,KENSIN-24-2-44671,KENSIN-25-1-44671,KENSIN-25-2-44671,KENSIN-26-1-44671
IO26,KENSIN-23-2-80284,KENSIN-24-1-80284,KENSIN-24-2-80284,KENSIN-25-1-80284,KENSIN-25-2-80284,KENSIN-26-1-80284
YJ34,KENSIN-23-2-20328,KENSIN-24-1-20328,KENSIN-24-2-20328,KENSIN-25-1-20328,KENSIN-25-2-20328,KENSIN-26-1-20328
PT80,KENSIN-23-2-92397,KENSIN-24-1-92397,KENSIN-24-2-92397,KENSIN-25-1-92397,KENSIN-25-2-92397,KENSIN-26-1-92397
OL33,KENSIN-23-2-85674,KENSIN-24-1-85674,KENSIN-24-2-85674,KENSIN-25-1-85674,KENSIN-25-2-85674,KENSIN-26-1-85674
FP18,KENSIN-23-2-16006,KENSIN-24-1-16006,KENSIN-24-2-16006,KENSIN-25-1-16006,KENSIN-25-2-16006,KENSIN-26-1-16006
SI62,KENSIN-23-2-47930,KENSIN-24-1-47930,KENSIN-24-2-47930,KENSIN-25-1-47930,KENSIN-25-2-47930,KENSIN-26-1-47930
VE54,KENSIN-23-2-23238,KENSIN-24-1-23238,KENSIN-24-2-23238,KENSIN-25-1-23238,KENSIN-25-2-23238,KENSIN-26-1-23238
VJ58,KENSIN-23-2-69429,KENSIN-24-1-69429,KENSIN-24-2-69429,KENSIN-25-1-69429,KENSIN-25-2-69429,KENSIN-26-1-69429
TI82,KENSIN-23-2-31319,KENSIN-24-1-31319,KENSIN-24-2-31319,KENSIN-25-1-31319,KENSIN-25-2-31319,KENSIN-26-1-31319
SR41,KENSIN-23-2-37460,KENSIN-24-1-37460,KENSIN-24-2-37460,KENSIN-25-1-37460,KENSIN-25-2-37460,KENSIN-26-1-37460
ZN39,KENSIN-23-2-99593,KENSIN-24-1-99593,KENSIN-24-2-99593,KENSIN-25-1-99593,KENSIN-25-2-99593,KENSIN-26-1-99593
MS33,KENSIN-23-2-89840,KENSIN-24-1-89840,KENSIN-24-2-89840,KENSIN-25-1-89840,KENSIN-25-2-89840,KENSIN-26-1-89840
XU74,KENSIN-23-2-80010,KENSIN-24-1-80010,KENSIN-24-2-80010,KENSIN-25-1-80010,KENSIN-25-2-80010,KENSIN-26-1-80010
HI02,KENSIN-23-2-70589,KENSIN-24-1-70589,KENSIN-24-2-70589,KENSIN-25-1-70589,KENSIN-25-2-70589,KENSIN-26-1-70589
