従業員番号,氏名,体重,身長
QA22,鈴木大介,77.4,172.6
FN01,小林健一,74.4,151.1
AU63,高橋三郎,65.3,159.4
WP87,小林一郎,85.1,157.7
QW57,佐藤三郎,61.2,178.0
DS51,渡辺次郎,66.2,173.9
VT93,鈴木洋子,77.0,181.1
ZZ98,高橋明美,70.9,153.2
DU54,高橋三郎,79.8,164.7
GC36,中村花子,69.4,150.8
YV97,伊藤三郎,74.6,157.9
OX88,鈴木洋子,48.0,167.9
WF25,加藤一郎,54.8,150.6
QC99,高橋裕子,57.9,156.9
YF47,中村健一,49.3,172.9
OQ06,渡辺次郎,53.6,169.3
IO26,鈴木裕子,47.9,157.9
YJ34,佐藤裕子,57.2,170.8
PT80,渡辺明美,71.4,155.2
OL33,伊藤大介,59.0,150.2
FP18,渡辺太郎,59.0,178.4
SI62,高橋花子,52.5,160.1
VE54,鈴木健一,56.8,170.8
VJ58,田中太郎,81.8,185.7
TI82,佐藤大介,70.6,183.6
SR41,高橋洋子,69.5,162.1
ZN39,山本洋子,50.7,153.5
MS33,佐藤花子,73.2,153.7
XU74,小林裕子,50.8,179.9
HI02,小林花子,60.0,170.9
